{"subsample": 0.7, "n_estimators": 500, "max_depth": 15, "learning_rate": 0.2, "colsample_bytree": 0.8999999999999999, "colsample_bylevel": 0.8999999999999999}